{"2021-11":[{"title":"最初のBlog「神楽の魂という意味は？」","date":"2021-11-22T04:57:13.000Z","link":"/posts/999999/"},{"title":"博客的搭建记录.","date":"2021-11-22T06:35:49.000Z","link":"/posts/5977d6f4/"},{"title":"博客的搭建记录.","date":"2021-11-22T06:35:49.000Z","link":"/posts/1501026038/"},{"title":"我对程序员的再认知","date":"2021-11-22T16:08:12.000Z","link":"/posts/24454/"},{"title":"Html基础","date":"2021-11-23T15:49:10.000Z","link":"/posts/48593/"}],"2021-12":[{"title":"JavaScript基础","date":"2021-12-01T11:19:12.000Z","link":"/posts/53227/"},{"title":"CSS基础","date":"2021-12-03T06:46:59.000Z","link":"/posts/10605/"},{"title":"Python基础","date":"2021-12-04T07:22:31.000Z","link":"/posts/14703/"},{"title":"通信学院期末C复习题","date":"2021-12-16T08:12:14.000Z","link":"/posts/37971/"}],"2022-1":[{"title":"C++学习笔记","date":"2022-01-12T11:52:47.000Z","link":"/posts/16346/"},{"title":"数据结构学习笔记","date":"2022-01-15T06:11:27.000Z","link":"/posts/63932/"},{"title":"swift学习笔记","date":"2022-01-21T13:16:51.000Z","link":"/posts/53084/"}],"2022-2":[{"title":"日常分享","date":"2022-02-16T12:35:32.000Z","link":"/posts/54547/"},{"title":"Java SE","date":"2022-02-21T05:47:24.000Z","link":"/posts/19402/"}],"2022-4":[{"title":"git出现的问题","date":"2022-04-11T15:22:08.000Z","link":"/posts/58072/"}],"2022-5":[{"title":"vue.js的学习笔记","date":"2022-05-27T13:17:15.000Z","link":"/posts/42133/"}],"2022-7":[{"title":"LeetcodeNotes","date":"2022-07-04T05:41:15.000Z","link":"/posts/44870/"},{"title":"大一下学期总结","date":"2022-07-06T16:37:29.000Z","link":"/posts/3942644093/"},{"title":"算法基础笔记","date":"2022-07-07T07:03:07.000Z","link":"/posts/46395/"},{"title":"MySql基础","date":"2022-07-13T02:55:52.000Z","link":"/posts/16977/"}],"2022-9":[{"title":"JavaWeb笔记","date":"2022-09-15T12:41:35.000Z","link":"/posts/1364342167/"}],"2022-10":[{"title":"《悲剧的诞生》读书笔记","date":"2022-10-24T15:24:06.000Z","link":"/posts/4081569272/"}],"2022-11":[{"title":"关于自制galgame的日记","date":"2022-11-29T07:10:56.000Z","link":"/posts/19af2057/"}]}